date,tavg,tmin,tmax,prcp,snow,wdir,wspd,wpgt,pres,tsun
2023-01-01,11.9,9.7,14.4,0.4,,216,29.4,63,1010.3,
2023-01-02,9,4.8,11.7,3,,231,20.4,40.3,1013.7,
2023-01-03,4.6,1.4,7.5,1.1,,196,17,51.5,1024.2,
2023-01-04,10.4,7.9,12.5,10.9,,228,40.5,68.4,1010.7,
2023-01-05,9.2,8.5,10,1.1,,253,24.3,55.1,1015.6,
2023-01-06,8.7,5.1,10.2,1.5,,216,23.4,50,1014.4,
2023-01-07,9.8,6.9,10.8,0.7,,184,23.7,42.1,1009.3,
2023-01-08,8.1,5.5,9.7,0,,186,23.6,42.5,999.2,
2023-01-09,6,4.6,7.3,0,,212,16.4,38.2,996.6,
2023-01-10,5.8,4,7.4,4.3,,204,23.9,63.4,1011.3,
2023-01-11,8.9,7.7,10.2,5.6,,222,29.3,61.6,1005.9,
2023-01-12,9.9,7.8,11.9,7.9,,222,32.6,65.9,1001.1,
2023-01-13,7.9,6.7,10,3.4,,236,38.3,59.4,1001.3,
2023-01-14,7.3,5.5,10.5,10.8,,209,29.1,63.4,1001.9,
2023-01-15,5.7,4.3,6.7,1.1,,225,33.3,65.5,994.6,
2023-01-16,4,3.1,4.9,4.7,,157,17.4,43.9,984.9,
2023-01-17,2.4,0.1,4.5,2.8,,248,23.7,58,983.6,
2023-01-18,0.8,-1.6,3.5,0.4,,200,23.3,60.5,992.4,
2023-01-19,2.3,-0.3,5.7,0.6,,235,19.1,50,1001.2,
2023-01-20,0.2,-0.9,1.3,0,,165,14,25.2,1015.2,
2023-01-21,0.2,-1.4,3.7,0,,3,8.9,26.6,1031.7,
2023-01-22,1,-1,2.2,0,,37,18,32,1034.1,
2023-01-23,2.4,1.9,3.3,0,,60,9.8,18.7,1038.2,
2023-01-24,1.9,0.2,2.8,0,,106,9,17.6,1040.3,
2023-01-25,-0.9,-1.3,0.1,0,,208,14.6,28.8,1032.3,
2023-01-26,2.6,-0.6,7.7,1.9,,316,13.8,27.7,1024,
2023-01-27,3.1,1.5,4.2,0,,40,15.3,28.1,1028.4,
2023-01-28,2.3,-0.3,4.8,0,,239,9.1,20.9,1029.6,
2023-01-29,4,2.4,4.8,0,,226,24.2,49,1023.1,
2023-01-30,6.1,4,7.5,3.4,,279,35.6,76.7,1013.4,
2023-01-31,5.7,3.1,8.3,0.7,,255,29.9,63,1016.7,
2023-02-01,5.9,1.7,7.4,1.5,,271,36.9,64.1,1013.2,
2023-02-02,6,4.4,8.1,5.7,,255,19.3,45.4,1019.7,
2023-02-03,8.3,6.1,9.6,0.2,,286,38.9,64.8,1021.6,
2023-02-04,4.3,1.9,7.1,0,,105,10.6,41.8,1035.5,
2023-02-05,4.6,2,7.6,2.8,,350,21.2,59,1037.1,
2023-02-06,3,-1.2,8.1,0,,342,8,18,1041.6,
2023-02-07,-0.3,-4.5,3.7,0,,159,7.8,22.3,1040.8,
2023-02-08,-0.3,-5.3,5.9,0,,155,9.8,20.5,1037.3,
2023-02-09,1.1,-1.4,3.4,0,,205,17.7,32.4,1030.5,
2023-02-10,4.1,0.4,7.7,0,,227,20.1,40.3,1033.1,
2023-02-11,7.5,5.1,9.2,0,,259,19.6,40.7,1032.2,
2023-02-12,6.9,5.4,9.2,0,,255,9,20.2,1038.3,
2023-02-13,5.9,1.4,8.4,0,,90,7.1,15.8,1037.7,
2023-02-14,3.8,-0.1,11.3,0,,133,7.8,18,1033.9,
2023-02-15,3.3,-2.3,10.1,0,,175,9.8,23.8,1025.8,
2023-02-16,6.5,3.7,9,0.4,,203,18.8,34.9,1020.3,
2023-02-17,9.6,7,12.5,0,,250,35.3,68.4,1015.3,
2023-02-18,8.6,6.7,11.2,8.1,,251,25.4,61.6,1015.4,
2023-02-19,6,4.5,8.1,5.4,,326,11.1,34.9,1020.9,
2023-02-20,8.5,5.6,10.7,0,,242,34.5,58,1018.1,
2023-02-21,9.4,8.2,10.6,0,,246,17.3,39.6,1017.1,
2023-02-22,8.4,7.2,10,0,,172,9.8,24.5,1012.7,
2023-02-23,6.3,2,8.3,0,,295,12.6,34.6,1014.1,
2023-02-24,4.6,2.5,7.3,4.6,,275,25.5,51.8,1005.8,
2023-02-25,3.6,-1.2,5.2,0.7,,356,24.5,51.1,1010.3,
2023-02-26,1.5,-1.9,5.8,0,,23,17.1,41,1025.1,
2023-02-27,1.4,-3.6,6.6,0,,4,10.8,29.9,1031.1,
2023-02-28,3.3,-1.1,7,0,,327,7.1,13.7,1032.3,
2023-03-01,0.8,-6,7.5,0,,49,10.1,20.9,1030,
2023-03-02,1.7,0,5.7,0,,45,12.7,23.8,1026.8,
2023-03-03,3.5,-0.9,7.8,0,,291,11.4,28.4,1025.2,
2023-03-04,5.1,2.5,6.5,0,,320,21.9,46.1,1022.9,
2023-03-05,3.8,1.4,6.6,0.3,,276,19.4,33.5,1014.7,
2023-03-06,2.5,-1.4,5.8,3.2,,224,14.4,42.5,1003.5,
2023-03-07,2.5,-1.6,5,1.5,,256,22.1,51.5,995.1,
2023-03-08,0.3,-2.7,3.8,0,,151,10.7,25.9,996.3,
2023-03-09,1.2,-0.5,3,2.4,,74,12.3,27.4,996.8,
2023-03-10,0.6,0,1.4,15.1,,33,25.2,54.7,992.9,
2023-03-11,1.2,-2.9,6,0,,264,19.4,54.4,1008.3,
2023-03-12,2.8,-2.3,8.4,1.2,,194,17.4,32.8,1007.1,
2023-03-13,11.3,8.3,15.4,1.2,,219,37.1,79.9,992.9,
2023-03-14,6.2,1.2,10.5,7.1,,262,30.6,61.9,994.6,
2023-03-15,3.3,-0.3,8.2,0,,251,18.3,46.4,1014.6,
2023-03-16,4.9,0.1,8.5,1,,158,22.1,47.5,1014.4,
2023-03-17,9.9,5.7,15.5,0,,173,14,32.8,1007.3,
2023-03-18,10.9,7.2,16,0,,190,13.7,27.4,1009.3,
2023-03-19,10.2,7.8,13.7,0,,218,14.7,25.9,1013.3,
2023-03-20,8.1,7.1,10.2,0.4,,222,18.5,31.7,1016.8,
2023-03-21,9.8,8.5,12,2.8,,202,18.6,35.6,1011.6,
2023-03-22,10.3,9.3,11.5,1.2,,199,27.9,49,1004.4,
2023-03-23,11.8,10.5,14.2,0.9,,217,29.4,63.7,1000.5,
2023-03-24,11.1,8.5,13.3,3.4,,218,30.5,57.2,998.4,
2023-03-25,8.7,7.2,10.5,4.4,,241,29.4,54.7,999.7,
2023-03-26,6.2,3.3,8.3,0,,338,18.3,42.5,1005.7,
2023-03-27,3.8,0.8,7.1,0,,307,24.5,57.6,1017.3,
2023-03-28,4.2,-0.3,7.9,1.6,,234,17.6,32.8,1023.3,
2023-03-29,8.2,4.6,12.6,3.3,,187,18.8,32,1013.2,
2023-03-30,11.8,9.8,13.5,0,,217,27.6,54.7,1003.6,
2023-03-31,10.4,8.4,12.5,5.7,,180,15.9,35.3,995.6,
2023-04-01,8.5,4.8,11.1,2.8,,75,23.6,49.3,998.3,
2023-04-02,4.1,-0.5,8.9,0,,51,23.1,44.3,1022.9,
2023-04-03,2.9,-3.2,9,0,,69,14.9,31,1033.3,
2023-04-04,2.7,-3.5,8.2,0,,55,9.9,29.5,1029.8,
2023-04-05,3.6,-4.1,10.6,0,,92,8.1,21.6,1023.6,
2023-04-06,6.1,-0.9,12.5,1.4,,146,15.2,36,1016.9,
2023-04-07,9,4.1,14.4,1.8,,104,18.3,31.3,1017.7,
2023-04-08,6.7,0.8,11.3,0,,62,11,23,1025.7,
2023-04-09,9.9,6,14.3,0,,129,10.8,26.3,1025.9,
2023-04-10,10.6,5.7,16.3,5.1,,160,22.8,50.4,1016.1,
2023-04-11,7.6,2.6,10.3,0.7,,238,23.9,53.3,1008.8,
2023-04-12,8.1,5.2,12.4,10.7,,167,16.8,43.9,999.6,
2023-04-13,7.2,3.8,10.8,2.9,,200,23.9,52.2,999.4,
2023-04-14,7.9,2.2,14.3,0,,113,11.7,28.8,1009.6,
2023-04-15,6.3,1.1,8.6,0.9,,5,21.5,40.3,1013.8,
2023-04-16,8.9,4.7,12.7,0,,334,14.6,31.7,1022.7,
2023-04-17,10.2,5.7,15.4,0,,5,14.9,38.9,1027.3,
2023-04-18,8.6,3.3,13.2,0,,61,22.4,42.1,1030,
2023-04-19,8.3,2.1,13.3,0,,55,24.3,47.9,1029.4,
2023-04-20,8,4.1,12,0,,54,22.2,44.6,1022.2,
2023-04-21,13,6.3,19.7,0,,83,25.8,43.6,1015.8,
2023-04-22,13.3,7.3,20.5,3.2,,157,14.9,38.9,1007.6,
2023-04-23,11.3,5.6,17.2,4.2,,202,12.9,51.8,1004.4,
2023-04-24,8.9,6.6,10.9,4.5,,239,24,44.6,1000.6,
2023-04-25,6.2,3,8.6,0.6,,300,22.4,48.6,1012,
2023-04-26,5.1,1.7,8.7,0,,280,16.4,38.9,1018.3,
2023-04-27,5.9,-0.3,11.3,0,,267,10.8,28.1,1020.6,
2023-04-28,8,3.8,12.2,1,,78,14,29.2,1012.4,
2023-04-29,9.7,5.2,12.9,0,,344,17,37.4,1018,
2023-04-30,8.5,1.1,14.8,0,,94,6.6,18.7,1023.5,
2023-05-01,10.5,3.1,17,0,,33,9.5,34.6,1016.2,
2023-05-02,8.3,4.8,10.6,0,,333,18.8,41,1024,
2023-05-03,7.6,3.6,11.2,0,,17,7.9,31.7,1029.4,
2023-05-04,10,1.7,17.6,0,,69,16.1,33.1,1022.7,
2023-05-05,12.1,9,17.6,10.9,,88,13.7,35.3,1016.2,
2023-05-06,12.4,8,17.4,0.1,,98,9,25.2,1017.1,
2023-05-07,12.5,9.5,17,2.3,,110,19.1,36.4,1019.4,
2023-05-08,14.1,7.9,20.3,0,,128,12.2,28.8,1021.2,
2023-05-09,14.9,12.5,18.1,3,,146,11.6,27,1012.9,
2023-05-10,12.9,10.6,14.8,5,,273,12.9,27,1009.4,
2023-05-11,12,10.1,15.6,4,,38,11.3,25.2,1015.5,
2023-05-12,14.8,10.2,22,3.3,,42,14.1,34.9,1018.8,
2023-05-13,14.2,7.6,20.8,0,,25,15.2,31.7,1021.6,
2023-05-14,14,7.1,20.7,0,,9,8.6,29.9,1018,
2023-05-15,11.5,9.7,15,0,,324,15.7,41.8,1013.8,
2023-05-16,9.8,6,12.4,0,,308,22.5,47.9,1019.1,
2023-05-17,8.9,6.8,10.9,0,,333,17,40,1026.1,
2023-05-18,9.6,6.1,14.6,0,,43,10.9,34.2,1029.1,
2023-05-19,11.6,4.3,18.2,0,,54,13.1,33.1,1027.5,
2023-05-20,13.5,7.8,19,0,,57,17.4,39.2,1025.1,
2023-05-21,15.7,11.5,20.4,0,,30,15,31.3,1018.7,
2023-05-22,16.7,14,21.5,0,,15,14.6,37.8,1014.8,
2023-05-23,12,9.2,13.6,0,,328,27.9,57.6,1019.8,
2023-05-24,10.8,6.7,13.5,0,,325,16.4,39.6,1023.4,
2023-05-25,10.6,5,15.1,0,,351,16.4,41,1028.1,
2023-05-26,10.5,6.1,15,0,,15,18.5,40.7,1031.2,
2023-05-27,12.2,3.8,19.4,0,,38,10.7,26.3,1027.8,
2023-05-28,13.3,7.2,20,0,,18,17.7,40,1023,
2023-05-29,11.3,6.7,15.5,0,,6,20.6,42.5,1026.1,
2023-05-30,11.8,9,14.2,0,,5,15.8,30.2,1027.5,
2023-05-31,13.1,6,18.6,0,,11,15.6,37.4,1026.7,
2023-06-01,11.6,10.4,13.6,0,,342,20.3,42.1,1022.9,
2023-06-02,14.4,9.6,19.2,0,,16,15.9,33.5,1021.8,
2023-06-03,13.5,5.6,20.1,0,,63,14.4,35.6,1024,
2023-06-04,12.9,6.7,18.8,0,,17,14.9,39.2,1024,
2023-06-05,13.1,6.9,18,0,,18,14.9,40.7,1023.3,
2023-06-06,13.5,8.1,18.8,0,,9,16.8,39.6,1022.1,
2023-06-07,13.5,8.2,18.8,0,,5,14,34.9,1021.6,
2023-06-08,14.8,10.4,21,0,,25,16.1,34.2,1019.3,
2023-06-09,18.3,9.8,27,0,,47,16.2,37.1,1017,
2023-06-10,18.6,10.7,26.3,0,,60,14.7,31,1017.8,
2023-06-11,22.2,15.3,29,0,,96,15.3,42.5,1017.9,
2023-06-12,20.5,12.2,28.1,0,,78,12.8,39.2,1017.5,
2023-06-13,19.4,11.8,24.6,0,,57,15.9,36.4,1016.6,
2023-06-14,18.1,10.1,25,0,,67,16.5,45.7,1019.1,
2023-06-15,18.6,10.7,25.7,0,,38,11.4,45.7,1020.2,
2023-06-16,17.5,10,23.6,0,,320,14,40,1018.1,
2023-06-17,17.9,12.7,22.7,0,,323,11.1,31.7,1015.1,
2023-06-18,19.9,11.1,27.7,0,,83,8.2,25.6,1013.5,
2023-06-19,20.8,15.2,23.9,0,,221,16.1,44.3,1011,
2023-06-20,20.5,13.7,27.3,0,,99,12.9,35.6,1012.1,
2023-06-21,20.7,16.9,25.3,0,,264,13.8,34.2,1014.5,
2023-06-22,18.8,12.9,25.2,2.7,,35,12.3,38.9,1018.1,
2023-06-23,19.1,16,23.5,6.5,,327,15,40.3,1020.4,
2023-06-24,19.7,12.9,27,0,,243,10.5,27.7,1023.3,
2023-06-25,22.7,13.6,29.7,0,,129,8.7,26.6,1017.7,
2023-06-26,19.9,14.2,22.7,0.5,,259,20,47.2,1014.1,
2023-06-27,16.5,11.1,21.8,0,,278,17.4,39.6,1018,
2023-06-28,15.5,11.1,18.5,0,,205,10.1,22.3,1017.6,
2023-06-29,19,15.9,22.8,0,,207,12.1,33.1,1013.5,
2023-06-30,17.2,11.8,21.8,0,,262,12,47.2,1011.9,
2023-07-01,17,15.3,19.5,3.3,,225,20.7,38.9,1003.2,
2023-07-02,16,11.5,19.3,0,,246,23.1,54.4,1006.1,
2023-07-03,15.1,13.3,17.5,0.5,,236,19.1,45.4,1007.2,
2023-07-04,15.5,10.5,20.8,2.6,,233,19.5,60.1,1009.4,
2023-07-05,14.2,12.4,15.6,11.5,,193,30.8,97.9,1004.8,
2023-07-06,15.4,9.9,20.4,0,,226,11.8,39.6,1015.6,
2023-07-07,19,10.1,26.7,0,,139,9.8,36,1020.3,
2023-07-08,22.9,13.7,32.2,0,,87,14.4,36.4,1018.7,
2023-07-09,23.3,16.5,32.8,1.2,,112,10.1,50.4,1017.8,
2023-07-10,20.5,15.9,24.8,0.1,,270,12.2,36.4,1019.2,
2023-07-11,21.7,14.5,28.7,0,,185,13.8,44.3,1012.5,
2023-07-12,18.9,14.4,23.1,3.3,,229,17.3,49,1009,
2023-07-13,17.4,13.4,22.4,0,,242,18.1,40,1014.1,
2023-07-14,17.9,12.3,22.9,0,,172,12.3,32.4,1014.2,
2023-07-15,21.9,17.6,27.3,0,,183,20.6,43.9,1004.6,
2023-07-16,18.4,15.2,22.6,0,,209,23.7,57.6,1009.6,
2023-07-17,16.9,13,21.5,0,,228,18,43.9,1015.6,
2023-07-18,16.5,11.3,21.1,0,,209,11.7,34.6,1018.3,
2023-07-19,17,14.3,20.9,0.4,,330,12.6,32,1013,
2023-07-20,16.1,10.9,20.6,0,,311,11.6,26.6,1014,
2023-07-21,15,9.2,21.3,0,,246,9.6,32.8,1011,
2023-07-22,14.3,9.7,17.8,7.8,,209,14.7,24.1,1011.8,
2023-07-23,16.6,13.9,21.7,8.9,,200,21.9,46.1,1005.3,
2023-07-24,17.2,13.9,23.2,3.6,,246,15.2,40.3,1001.8,
2023-07-25,15.3,10.9,19.3,0,,284,17.3,39.6,1006.2,
2023-07-26,14.7,10.6,19.1,1.4,,245,15.8,36.4,1010.1,
2023-07-27,15,10.6,18.6,11.9,,184,11.9,27.4,1004.9,
2023-07-28,19.9,16.8,25.2,0.7,,279,13.5,32.8,1004.6,
2023-07-29,19,15.1,24.1,0.7,,221,15.6,35.3,1005.7,
2023-07-30,15.9,13.5,19.3,1.3,,219,18.3,49,1007.9,
2023-07-31,16.8,14.7,19.5,17.8,,213,19.4,41,1004.1,
2023-08-01,16.8,14.3,19.2,6.6,,237,22.1,47.9,997.2,
2023-08-02,16.4,14.7,20.7,8.5,,184,16.5,49,993.7,
2023-08-03,17.2,14.9,21.8,3.4,,264,17.1,45.7,994.7,
2023-08-04,16.6,12.9,19.2,0,,289,15,32.4,1011.5,
2023-08-05,15.7,11.6,21.6,9.6,,177,10.8,38.2,1012.6,
2023-08-06,16.8,13.2,22,0,,31,14.7,34.6,1006.3,
2023-08-07,15.1,12.8,19.1,2.7,,283,23.8,54,1010.6,
2023-08-08,15.3,11.7,19.1,0,,255,27.9,55.1,1010.4,
2023-08-09,15.3,9.5,21.1,0,,257,18.6,36,1014.5,
2023-08-10,15.3,9,20.1,0,,225,8.1,28.8,1020.8,
2023-08-11,21.1,14,28.6,0,,188,12.9,31,1019.1,
2023-08-12,19,14.9,22.3,0.3,,199,12.2,29.2,1015,
2023-08-13,18.4,13.8,23,0,,205,14.4,31.7,1015.4,
2023-08-14,19.4,13,26.4,0,,162,8.4,23.4,1014.5,
2023-08-15,19.5,14.4,24.9,0,,229,12.9,30.2,1014.4,
2023-08-16,17.3,10.2,23.7,0,,354,11.1,33.8,1021.4,
2023-08-17,17.1,13.6,21.2,0,,48,19.8,38.9,1021.2,
2023-08-18,20,15.9,26.3,0,,72,12.3,24.8,1017.5,
2023-08-19,22.1,16.2,28.5,0,,162,13.4,36.7,1014.8,
2023-08-20,19.2,13.7,26.2,0,,234,10.4,29.9,1021.6,
2023-08-21,18.8,12.1,26.3,0,,230,7.7,25.9,1022.9,
2023-08-22,19.7,14.3,26.1,0,,255,9.6,32,1019.7,
2023-08-23,18.7,12.9,26,0,,245,12.6,41.8,1019.5,
2023-08-24,19,12.6,25.4,0,,115,8.6,25.6,1014.5,
2023-08-25,19.3,16.1,21.4,6.4,,254,10.7,20.9,1007.2,
2023-08-26,16.2,13.3,19.8,0,,227,13.4,32,1008.8,
2023-08-27,14.4,12,18,2.2,,194,13.7,35.6,1008.1,
2023-08-28,15.4,11.4,20.2,0,,268,13.4,31.3,1010.8,
2023-08-29,14.8,8.6,19.8,0,,223,6.2,19.8,1011.1,
2023-08-30,13.6,10.5,16.9,0.6,,198,11.7,33.5,1005.5,
2023-08-31,13.3,9.3,17.3,0.2,,236,15,40,1007.6,
2023-09-01,14.4,8.6,20.2,0,,161,7.5,16.2,1013.3,
2023-09-02,15.4,9.8,21.1,0,,29,8.3,22,1020.8,
2023-09-03,16.1,9.9,21.7,0,,264,6.5,18.4,1027.5,
2023-09-04,17.5,10.2,24.5,0,,120,8.7,25.6,1027.1,
2023-09-05,19.9,12,28.2,0,,89,9.1,18.4,1021.4,
2023-09-06,22.5,14.9,30.2,0,,112,9.4,25.2,1020.8,
2023-09-07,22.3,16,28.5,0,,103,15.3,34.6,1021,
2023-09-08,22.4,13.7,30.6,0,,147,10.2,22.7,1017.7,
2023-09-09,21.2,15.5,28.7,0,,209,9.2,36.4,1016.3,
2023-09-10,20.3,13.5,27.2,0,,84,6.4,19.1,1017.9,
2023-09-11,23,17.3,29.8,0,,196,13.7,32.8,1012.8,
2023-09-12,19,16,23.9,0,,229,8,32.4,1012.6,
2023-09-13,15.6,11,18,3.5,,13,19.7,42.8,1017,
2023-09-14,14.3,10.2,19.4,0,,190,7.7,16.9,1022.7,
2023-09-15,15.1,8.9,21.8,0,,121,9.5,23.8,1019.5,
2023-09-16,16.9,11.1,23.6,0,,52,8.4,22,1015.3,
2023-09-17,17.6,11.6,23.3,0,,93,10.2,23.8,1013.3,
2023-09-18,18.9,15.8,22.1,0,,170,21,55.8,1003.8,
2023-09-19,15.9,12.6,19.1,1.2,,218,31.5,66.6,1005,
2023-09-20,18.3,15.5,21.6,0,,200,27.1,51.1,1004.5,
2023-09-21,17,14.1,20.3,4.3,,178,15.3,40.7,997.5,
2023-09-22,14.5,12.8,17.1,0.1,,203,15.6,38.5,999.8,
2023-09-23,13.4,10.4,16.5,0.8,,233,15.9,32,1011.1,
2023-09-24,13.6,9,18.8,0,,183,15.5,31.7,1023.4,
2023-09-25,15.5,11.7,20.6,0,,169,16.2,34.2,1022.2,
2023-09-26,15.6,10.6,21.2,0,,153,9.3,22,1020.8,
2023-09-27,16.7,12.2,22.1,0,,157,9.8,21.6,1018.3,
2023-09-28,17.6,14.1,19.9,0,,201,15.6,37.8,1014.8,
2023-09-29,16.4,12.5,21.3,0.6,,216,17,44.6,1015.4,
2023-09-30,14.2,10.4,18.4,0,,223,12.2,29.5,1024.4,
2023-10-01,16.6,13.4,21.1,0,,203,13.5,36.7,1021.6,
2023-10-02,18.4,15.3,21.6,0,,187,11.9,25.2,1018,
2023-10-03,16.3,12.8,19.2,1.7,,231,24.6,62.6,1011.4,
2023-10-04,14.1,11.9,17.3,0,,231,23.4,44.3,1022.1,
2023-10-05,14.2,12.6,16.4,0.8,,242,18.5,40,1021.5,
2023-10-06,15.8,13.3,18.9,0,,221,30.2,51.1,1020.1,
2023-10-07,17.3,12.5,18.5,0.9,,253,30,48.2,1017.7,
2023-10-08,13.5,11.4,15.9,0,,52,8,22.7,1024.9,
2023-10-09,15,12.7,17.6,3.5,,250,16.5,33.1,1018,
2023-10-10,16.7,14.2,20.7,0,,210,16.2,31,1016.7,
2023-10-11,17.1,15.6,19.6,14,,230,27.3,52.2,1009.9,
2023-10-12,13.2,10.5,16.1,8.2,,240,9.4,27.7,1012.5,
2023-10-13,17.1,12.8,19.9,4.9,,198,28.1,61.2,1003.1,
2023-10-14,11.4,7.7,14,8.1,,270,27.5,72,1006.8,
2023-10-15,7.8,6.3,11.2,10.9,,259,19.4,52.6,1017.4,
2023-10-16,8.7,6.1,12.4,1.2,,254,11.7,31.3,1021.6,
2023-10-17,8.4,4.3,12.3,0,,121,8.4,23.4,1021.2,
2023-10-18,6.8,2.9,10.7,0,,96,21.8,51.8,1010.9,
2023-10-19,8,7.5,8.7,9.7,,100,27,50,994.8,
2023-10-20,7,6.4,7.6,20.1,,91,38.7,63,987.4,
2023-10-21,11.7,7.4,15.3,0,,149,18.8,47.5,991.3,
2023-10-22,12,8,14.1,1.6,,204,21.9,54,1003,
2023-10-23,8.8,3.9,13.2,0,,159,10.5,28.4,1012.6,
2023-10-24,11.2,10,12.7,2.6,,152,19.5,38.9,1002.7,
2023-10-25,9.9,7.3,13,2.1,,141,15.8,33.5,998.3,
2023-10-26,10.3,9.3,12,0.9,,45,11.1,25.9,995.8,
2023-10-27,10,9.4,11,4.4,,99,12.5,25.6,993.6,
2023-10-28,10.8,9.6,12.7,0.8,,153,14.7,32.8,995.8,
2023-10-29,12.5,9.9,14.4,3.8,,184,27.2,53.3,992.3,
2023-10-30,11.6,9.4,14.5,2,,188,19.2,48.6,997.7,
2023-10-31,10.2,8.9,11.7,9.2,,333,15.8,50,998.8,
2023-11-01,11.5,8.7,14.4,1.1,,165,20.4,50.8,998.8,
2023-11-02,11.3,9.1,14.2,3.7,,160,34.8,70.9,980.5,
2023-11-03,9.6,7.8,11.6,0.3,,195,34.7,69.1,980.5,
2023-11-04,8.8,6.8,10.8,5,,169,24.8,51.8,979.6,
2023-11-05,10.1,8.7,12,2.2,,196,20.4,46.1,975.5,
2023-11-06,9.5,8.5,10.7,3.4,,218,25.5,48.2,996,
2023-11-07,8.8,7.4,10.6,1.6,,209,23.9,43.6,1005.6,
2023-11-08,9,8,11,2.7,,204,27.9,51.1,1007,
2023-11-09,9.7,7.6,11.2,8.5,,200,22.5,49,998.2,
2023-11-10,7.6,6.9,9,2.7,,199,21.1,45,994.8,
2023-11-11,7,5.5,8.1,27.4,,246,19.2,40.7,1000.2,
2023-11-12,5.1,2.9,8.5,0,,205,14.6,25.9,1005.7,
2023-11-13,6.7,2.4,12.2,8.2,,181,21.8,58,1000.7,
2023-11-14,11.2,8.6,13.2,0.8,,251,32.8,64.8,997.7,
2023-11-15,9,7.2,10.5,2.1,,241,17.3,45.7,1008.9,
2023-11-16,6.5,1.8,9.3,0,,293,11.7,51.1,1012.6,
2023-11-17,3.6,0.2,8.4,0,,230,8.1,17.3,1018.8,
2023-11-18,3.5,-0.1,7.4,6.2,,148,17.3,51.5,1018.4,
2023-11-19,11.2,8.4,12.4,11.1,,224,23.6,45.4,1004,
2023-11-20,10.2,8.6,11.1,18,,238,15.9,43.9,1005.3,
2023-11-21,7.3,2.2,8.7,0,,61,15,31,1018.1,
2023-11-22,2.8,-0.4,6.8,0.5,,181,16.4,46.4,1027.5,
2023-11-23,10.6,7.2,12.8,0.1,,259,38.3,71.6,1014.6,
2023-11-24,5.4,3.4,7.3,6.9,,320,36.1,93.2,1006,
2023-11-25,4.7,2.3,6.8,3.8,,307,15.9,58.7,1009.3,
2023-11-26,4.4,1.6,6.3,2.7,,242,13.2,25.9,1012.3,
2023-11-27,3.3,1.4,5.4,7.7,,127,21.8,51.1,1001.5,
2023-11-28,0.9,-0.3,2.1,1.3,,50,19.5,52.6,1004.1,
2023-11-29,1,-1,2.9,3.2,,264,17.1,51.5,1000.4,
2023-11-30,-1.7,-3.2,-0.4,0,,155,8.9,22.7,1002.9,
2023-12-01,-2.7,-4.8,-1.4,0,,125,6.6,13.7,1008.2,
2023-12-02,-0.4,-1.9,1.3,0,,232,8.1,24.1,1012.7,
2023-12-03,0.4,-1.7,2.2,0,,177,12.6,30.2,1018.6,
2023-12-04,0.3,-0.6,1.1,2.2,,122,17.9,33.8,1009.8,
2023-12-05,-0.4,-0.6,0.1,3.9,,55,20.1,36.7,1004.5,
2023-12-06,0.8,-0.4,1.8,0.9,,282,10.8,20.5,1012.3,
2023-12-07,1.4,0.5,3.7,0,,185,13.8,28.4,1017.8,
2023-12-08,1.6,0.2,6.2,1.8,,141,14.7,32,1008.3,
2023-12-09,7.2,6.4,8,6.4,,173,24.5,55.8,1001.3,
2023-12-10,8.1,7.1,9,11.2,,219,27.3,61.6,996.1,
2023-12-11,8.4,6.5,9.6,3.3,,245,24.8,51.1,996.9,
2023-12-12,5.6,3,7,7.8,,155,14.9,43.2,1003.3,
2023-12-13,6.5,4.6,8.4,3.2,,98,14.6,34.6,999.2,
2023-12-14,4.2,3.7,5,0,,22,11.4,27.4,1017.4,
2023-12-15,6.4,4.6,8.7,0,,236,16.2,28.4,1031,
2023-12-16,7.4,5,9.6,0,,226,23.1,43.6,1035.3,
2023-12-17,9,7.6,9.8,0,,228,28.1,51.1,1032.5,
2023-12-18,8.3,7.6,8.8,0,,219,27.5,50.4,1026.6,
2023-12-19,7.9,6.1,9.1,13.9,,233,22.5,50,1015.8,
2023-12-20,6.7,5.3,9.1,3.8,,249,27.6,63.4,1008.5,
2023-12-21,8.4,3.8,11.2,6.8,,276,43.8,83.2,993.4,
2023-12-22,5.7,4.3,7.2,11.6,,287,34.4,85.3,998.2,
2023-12-23,5.9,4.1,9.1,12.8,,262,20.9,68.4,1003.8,
2023-12-24,10.9,9,12.8,4.7,,244,38,71.3,999.3,
2023-12-25,10,9,11.7,0.7,,250,28.7,65.5,1002.5,
2023-12-26,7.6,3.5,9.9,3.5,,254,29.7,61.6,1008.9,
2023-12-27,4.4,0.3,8.3,3.1,,167,18.8,51.8,1015,
2023-12-28,10,8.2,11.2,0.8,,212,38.7,66.2,1005.7,
2023-12-29,8.8,6.6,10.4,1.6,,232,35.1,66.6,1002.7,
2023-12-30,6.9,5.9,8,0.7,,218,24.9,50.8,1008.1,
2023-12-31,8.1,6.8,10.3,1,,168,25.4,50.8,998.3,
2024-01-01,7,5.2,8.2,4.8,,210,28.1,50.4,999.5,
2024-01-02,8.1,4.9,11.6,22.9,,167,22.2,64.4,990,
2024-01-03,8.6,6.8,10,7.3,,249,39.1,88.6,984.4,
2024-01-04,3.6,1.9,6.5,0,,0,15,34.2,1000,
2024-01-05,2.6,1.5,4.2,10.4,,86,25.4,43.9,999.2,
2024-01-06,0.1,-0.5,1.2,0.7,,43,22.4,33.5,1010.3,
2024-01-07,-0.8,-2,0.3,0.4,,56,24.2,40.3,1026.1,
2024-01-08,-1.5,-2.7,0,0,,60,23.9,45.4,1034.8,
2024-01-09,-3.6,-5.7,-0.4,0,,62,18.2,30.6,1037.5,
2024-01-10,-4.3,-6.4,-1,0,,63,14.6,23.8,1033.9,
2024-01-11,-1.9,-6.9,1.1,0,,252,6.9,17.3,1033.8,
2024-01-12,1.6,-3.4,3.5,0,,274,12.2,18.4,1031.3,
2024-01-13,3.5,2.2,4.8,0.1,,254,23.7,40,1018.9,
2024-01-14,3,1.4,5.1,2.3,,259,22.1,50.8,1005.7,
2024-01-15,1.4,0.5,2.4,2.3,,269,25.2,56.2,997.8,
2024-01-16,-0.2,-1.6,1,0.3,,227,22.8,40,1004.6,
2024-01-17,-1,-2.6,0,0,,220,18.5,42.1,993.4,
2024-01-18,-1.8,-3.2,0.2,0,,260,13.2,22.3,999.5,
2024-01-19,0.7,-1.8,3.4,0,,235,24.8,40,1014.8,
2024-01-20,0.3,-1.5,1.6,0,,209,26,42.5,1023.8,
2024-01-21,2.3,-0.1,5.1,0,,189,32.7,63,1016.3,
2024-01-22,8.5,5.5,10.7,6.1,,226,42,79.9,1003.7,
2024-01-23,7,5.6,9.8,2.1,,231,34.9,59,1016,
2024-01-24,9.9,7.3,12.7,0.6,,255,52.4,87.1,1013,
2024-01-25,6.3,4.6,8.1,0.2,,235,20.9,47.5,1025.4,
2024-01-26,7.9,4.7,10.7,5.5,,240,31.5,77.8,1021,
2024-01-27,4.4,1.2,8.3,0,,224,18,31.7,1033.1,
2024-01-28,3.2,0.1,8.6,0,,159,13.1,29.9,1029.1,
2024-01-29,5.8,2.6,8.6,0,,186,13.4,28.8,1025.5,
2024-01-30,7.2,5,10.3,0,,209,22.5,53.6,1025.3,
2024-01-31,5.4,2.4,6.6,0,,226,23,54,1028.9,
2024-02-01,5.9,3.9,8,2.7,,263,23.6,51.8,1026.3,
2024-02-02,7.3,4.7,9.5,0,,238,28.2,49.7,1024.4,
2024-02-03,9.7,6.7,11.6,0.3,,258,27.9,45.7,1021.3,
2024-02-04,8,5.8,11.1,7,,254,29.4,63,1017.3,
2024-02-05,9.5,8.5,10.8,0.9,,251,41.7,63,1013.5,
2024-02-06,9.7,5.2,11.6,8.3,,244,42,73.4,1004.1,
2024-02-07,4.3,0.3,6.5,0,,287,14.3,38.2,1003.9,
2024-02-08,0.9,-0.7,3.8,5,,146,12.3,47.5,1000.3,
2024-02-09,6,1.6,11.2,18,,138,19.7,49.3,985.9,
2024-02-10,9.6,7.6,12.9,0,,122,12.2,33.5,987.8,
2024-02-11,7.9,7,9.1,0.9,,141,15.3,34.2,990.2,
2024-02-12,6.9,4.8,9.1,0,,248,14.7,33.5,1001.7,
2024-02-13,6,3.7,8.8,0.5,,206,19.8,37.8,1013.9,
2024-02-14,9.7,6.3,11.5,9.6,,208,20.3,41,1012.8,
2024-02-15,11.7,11,12.7,4.9,,193,16.9,34.9,1013.3,
2024-02-16,10.9,9.1,13.4,1,,214,19.4,44.3,1011.7,
2024-02-17,8.3,6.6,9.8,0,,263,12.6,36.7,1028.5,
2024-02-18,9,7.4,10,18.9,,195,22.7,52.9,1022.9,
2024-02-19,8.3,7,9.9,1,,273,22.4,52.6,1022.7,
2024-02-20,7.8,5.1,9.9,0,,234,21.8,41.4,1023.6,
2024-02-21,8.9,8,9.8,4.3,,205,26.9,50,1011.2,
2024-02-22,10,8.1,12,1.6,,189,27.2,96.1,986.5,
2024-02-23,5.8,4.1,7.1,1.6,,198,32.1,96.1,988.1,
2024-02-24,4.8,2.4,7.8,0.2,,183,16.5,36.7,997.7,
2024-02-25,4.8,1.8,7.9,1.8,,156,14,31.7,1001.3,
2024-02-26,3.6,1.8,5.4,0,,37,22.2,41,1008.7,
2024-02-27,2.8,0.2,4.9,0,,19,9.2,26.3,1018.6,
2024-02-28,4.4,0.8,7.2,0,,189,17.9,30.2,1019.3,
2024-02-29,7.1,5.2,8.8,5.4,,177,21.9,44.3,1009.6,
2024-03-01,8.3,5.4,9.9,0,,162,19.9,37.8,1001.7,
2024-03-02,8.8,5.4,12.6,0,,134,17.4,33.1,1001.7,
2024-03-03,9,4.8,14.1,0,,90,15.2,28.1,1002.6,
2024-03-04,6.5,3.1,9.2,0,,2,7.1,14.8,1009.9,
2024-03-05,6.2,4.7,7.9,2.5,,84,15.3,34.2,1015.2,
2024-03-06,5.5,3.6,7.7,0,,86,13.1,29.5,1023.6,
2024-03-07,3,0.2,7,0,,74,15.5,27.4,1026.5,
2024-03-08,3.8,0,8.2,0,,90,21.9,42.5,1017.3,
2024-03-09,5.1,1,10,0,,99,22.1,39.6,1006.1,
2024-03-10,6.5,3.3,11.7,0,,71,26.3,48.2,1001.1,
2024-03-11,7.4,5.6,10,1,,71,17,34.9,1001.9,
2024-03-12,7.4,5.3,9,0,,188,11.7,25.2,1011.4,
2024-03-13,8.2,3.7,11.7,0,,187,16.1,34.2,1013,
2024-03-14,11.8,8.7,15.7,0,,193,19.4,35.6,1010.1,
2024-03-15,12.3,10.9,14.3,0.4,,209,21.6,44.3,1005.3,
2024-03-16,8,3.6,11.4,0.5,,287,22.1,45.4,1016.1,
2024-03-17,6.8,1.4,10.9,0.2,,139,14.3,34.2,1021.8,
2024-03-18,8,5.4,10.4,0.9,,136,15.3,32,1016.3,
2024-03-19,10.2,6.1,15,0,,185,12.8,26.6,1017.7,
2024-03-20,11.3,8.5,14.8,0,,226,6.8,17.6,1019,
2024-03-21,8.9,7.3,10.8,0,,262,19.4,43.6,1021.8,
2024-03-22,9.2,6.5,10.4,1.1,,248,19.7,38.9,1014.3,
2024-03-23,5.9,3.3,8,0,,236,23.1,49.7,1005.7,
2024-03-24,6.1,4.1,9,9.7,,260,30,60.1,999.1,
2024-03-25,6.4,3.5,9.2,0,,304,11.9,29.2,1004.8,
2024-03-26,7.3,3.1,12.7,0,,118,16.5,36.7,994.5,
2024-03-27,8.8,5,12.7,0.6,,168,11.7,31.7,986.9,
2024-03-28,8,6.2,10.8,1.9,,166,14,47.2,986.4,
2024-03-29,8.9,5.1,13.8,0,,178,16.1,43.9,993.2,
2024-03-30,11.1,6.9,17,0.2,,171,10.4,45,996.8,
2024-03-31,9.6,6.4,13.5,0,,51,11,32,999.2,
2024-04-01,8.8,5.3,11.2,5.9,,200,11.1,32,994.9,
2024-04-02,8.8,6.3,11.4,0,,234,18.6,43.6,1002.6,
2024-04-03,10.2,8.1,12.4,2.6,,189,14.9,40.3,1004.1,
2024-04-04,10.7,8.4,13.2,2.2,,217,23.1,50,1003.5,
2024-04-05,12.7,10.2,15.8,4.6,,208,25.1,56.9,1007.1,
2024-04-06,16.1,10.4,23.3,0,,178,17.4,43.6,1009.7,
2024-04-07,16.5,13,20.6,0,,210,21.8,45.7,1011.1,
2024-04-08,13.9,11.7,17.5,0,,147,10.7,22,1009.3,
2024-04-09,12.7,9.4,14.5,0.8,,204,25,56.9,1006.5,
2024-04-10,10.9,8.1,14.8,0.4,,238,23.3,50.8,1023.3,
2024-04-11,12.2,9.6,14.3,0.6,,211,21,46.4,1028.2,
2024-04-12,14.5,11,18.8,0,,225,21.2,47.9,1027.9,
2024-04-13,15.7,10.7,21.6,0,,228,23.4,49.3,1021.5,
2024-04-14,11.2,5.8,14.9,0,,281,20.6,44.6,1019.2,
2024-04-15,7.3,3,12.1,6,,204,21.6,81,1004.6,
2024-04-16,6.9,4.4,10.5,2.3,,295,20,49.7,1000.8,
2024-04-17,6.1,2.8,10,5.3,,330,11.9,41.8,1010.2,
2024-04-18,6.1,0.5,10.4,0,,301,15.2,33.1,1016.8,
2024-04-19,7.7,5.8,9.9,6.9,,290,30,62.3,1007.1,
2024-04-20,7.1,3.5,10.8,2.3,,342,19.4,54.7,1017.6,
2024-04-21,5.4,-0.3,9.5,0,,35,18.2,45.7,1024.7,
2024-04-22,5.5,1.2,8.7,0,,18,14.4,39.2,1025.3,
2024-04-23,4.8,-1.1,10.2,0.6,,277,11.6,47.2,1019.5,
2024-04-24,5.7,2.8,9,4.4,,305,21.5,47.9,1006.6,
2024-04-25,6.1,2.7,9,5.2,,235,16.5,40.3,1003.8,
2024-04-26,7.5,4.7,11.2,1.5,,224,15.6,34.2,1002.8,
2024-04-27,10.5,3.9,15.7,0,,99,12,33.1,1006.9,
2024-04-28,14.6,10.2,19.3,0,,172,25.2,56.5,1007.7,
2024-04-29,12.7,5.5,19.6,0,,173,14.1,30.2,1019.1,
2024-04-30,16.1,10.8,21.9,0,,80,9.9,24.8,1016.7,
2024-05-01,17.8,12.7,23.6,0,,62,12.6,33.1,1008.7,
2024-05-02,18.3,12.3,24.6,0,,72,21.8,39.2,1001.6,
2024-05-03,13.4,10.2,16.2,0,,183,16.4,36.4,1006.4,
2024-05-04,12,6.6,18.3,0,,150,11.4,26.3,1014.2,
2024-05-05,11.5,8.8,13.6,17.1,,311,14.4,39.6,1007.7,
2024-05-06,11.8,4.7,17.4,0,,79,9.3,33.1,1009.9,
2024-05-07,12.1,7.7,16.4,0,,0,12.3,31,1018.8,
2024-05-08,13,9.5,17,0,,347,12.3,30.6,1026.6,
2024-05-09,12.4,6.6,17.5,0,,343,6.6,25.6,1027.7,
2024-05-10,12.6,7.3,16.3,0,,355,9.8,26.3,1025,
2024-05-11,14.8,10.9,20.2,0,,54,13.5,29.2,1024.2,
2024-05-12,15.7,9,21.7,0,,91,18,40.7,1019.8,
2024-05-13,19.4,12.3,26.6,0,,121,16.4,43.2,1012.2,
2024-05-14,20.5,14.3,26.1,0,,113,20.7,43.9,1008.3,
2024-05-15,19.5,14.7,25.3,0,,107,20.4,45.7,1007,
2024-05-16,18.3,13.8,23.7,3,,110,19.8,53.6,1005.7,
2024-05-17,18.1,11.5,23.3,0,,79,12.2,35.6,1007.9,
2024-05-18,17.7,11.6,22.9,0,,46,13.1,32.4,1010.2,
2024-05-19,16.4,10.1,22.3,0,,19,14.1,45,1010.3,
2024-05-20,16.3,11.1,21.6,0,,39,9.8,38.5,1011,
2024-05-21,18.2,12.4,23.7,0,,71,18.6,40.7,1009.4,
2024-05-22,16.7,14.2,18.2,4,,175,15.9,40,1006.7,
2024-05-23,15.6,11.4,19.5,0,,214,12.6,30.6,1013.2,
2024-05-24,16.3,8.2,22,0.4,,65,11.1,39.2,1018.3,
2024-05-25,16.3,14.1,20.2,3.6,,92,11.7,28.8,1016.7,
2024-05-26,17.1,10.2,22.9,0,,157,11.3,50.4,1015.7,
2024-05-27,15.8,11.7,19.4,0.7,,226,13.8,29.2,1015.6,
2024-05-28,14.5,11.2,18.6,14.5,,225,14.7,32.8,1015.4,
2024-05-29,14.8,11.9,16.5,10.2,,206,18,46.8,1007.7,
2024-05-30,14.7,9.7,19,0.2,,209,9,46.4,1005.9,
2024-05-31,14.7,10.6,18,0,,317,13.8,34.9,1010.2,
2024-06-01,16.9,14.7,20.5,0,,336,19.4,44.3,1015.4,
2024-06-02,14.4,13,16.1,0,,329,21.9,46.1,1020.7,
2024-06-03,13.9,11.9,16.5,0,,274,11.6,27.4,1019.1,
2024-06-04,15.9,13.5,19.7,1.6,,214,13.4,37.1,1012.4,
2024-06-05,13.7,10.1,16.4,5.7,,252,17.7,46.8,1009.9,
2024-06-06,12,7,16.6,0,,240,12.5,47.9,1016,
2024-06-07,12.2,6.9,16.5,0,,216,10.7,33.8,1017.1,
2024-06-08,12.2,8.4,17,0.3,,223,17.1,46.1,1011.1,
2024-06-09,11.5,6.3,15.9,0,,246,17.9,43.6,1008.8,
2024-06-10,10.7,9.4,12.3,26.7,,168,15.3,57.6,1004.8,
2024-06-11,11.5,8.6,15.1,4.6,,276,19.7,59.8,1010.9,
2024-06-12,11.3,7.9,14.1,0.5,,268,16.1,44.6,1016.9,
2024-06-13,12.3,8,17.7,0.5,,202,10.4,25.9,1016,
2024-06-14,14.7,11.7,17.4,0,,165,13.1,36.4,1007.3,
2024-06-15,14.5,12.9,17.4,0.2,,193,19.2,54.4,1001.7,
2024-06-16,14.2,11.9,18.1,0,,189,18.2,44.6,1005.4,
2024-06-17,15.9,11,20.5,0,,198,12.9,38.2,1010.2,
2024-06-18,15,8.7,21.1,3.2,,108,5.4,18,1014.1,
2024-06-19,14.3,9.5,18.1,0,,350,13.7,33.5,1018.5,
2024-06-20,14.4,6.4,20.1,0,,64,7.6,35.3,1021.4,
2024-06-21,15.3,12.1,17.8,0,,12,11.1,24.5,1012.6,
2024-06-22,16.6,13,21,0,,250,14.7,37.1,1011.1,
2024-06-23,16.9,11,22.4,0,,288,9,25.2,1018.3,
2024-06-24,17.5,11,22.8,0,,347,8.7,30.6,1020.8,
2024-06-25,20.1,11.9,27,0,,60,10.5,31.3,1017.5,
2024-06-26,22.3,15.5,28.2,0,,65,11.6,32,1012.7,
2024-06-27,23.8,17.3,30.2,0,,240,9.5,34.6,1007.6,
2024-06-28,18.8,13.8,21.2,0,,252,17.9,47.2,1012.5,
2024-06-29,17.7,10.3,23.9,0,,116,9,36,1014.9,
2024-06-30,18.1,15.8,21,3.6,,335,14.9,38.5,1007.8,
2024-07-01,15.8,13.7,18.5,0.5,,285,15.6,39.2,1012.8,
2024-07-02,14.2,12.3,16.5,2.4,,275,17,31.7,1012.4,
2024-07-03,13.4,12,15.4,2.7,,236,14.4,38.2,1008.8,
2024-07-04,15.2,11.1,18.1,6.3,,237,23.4,43.9,1004.3,
2024-07-05,14.7,10.4,17.8,0.5,,210,20.6,43.2,1007.1,
2024-07-06,17.5,13.2,21.8,2.8,,199,25.4,85,1000.5,
2024-07-07,14.5,10.4,19.8,3.5,,204,18.8,42.1,1010.2,
2024-07-08,16.4,11.6,21.5,0.2,,208,13.5,37.4,1016.2,
2024-07-09,21.1,14.6,27.4,0,,96,11.9,30.2,1015.2,
2024-07-10,19.6,15.9,24.4,0,,214,13.8,42.8,1013,
2024-07-11,17.4,12.8,22.4,0,,231,12.8,41.4,1016.1,
2024-07-12,14.8,13,17.8,49.7,,343,16.9,59.4,1012.4,
2024-07-13,15,12.7,18.1,0.9,,228,21.7,46.4,1008.8,
2024-07-14,16,11.8,20.1,0,,209,18.5,42.5,1011,
2024-07-15,17.9,11.1,24.8,0,,199,12.7,36.7,1011.4,
2024-07-16,18.5,16,22.1,0.7,,202,17.3,47.9,1008.2,
2024-07-17,17.5,14,21.4,0,,271,17,42.8,1017.2,
2024-07-18,19,12.2,25,0,,353,7.1,19.1,1022.7,
2024-07-19,21.5,14.1,27.9,0,,99,8.9,28.4,1019.8,
2024-07-20,23.9,16.1,30.7,0,,115,11.6,33.1,1010.8,
2024-07-21,21.6,17.4,26.8,0.9,,324,10.8,43.2,1007.1,
2024-07-22,19.2,15.9,22.6,0,,266,14.1,33.5,1014.4,
2024-07-23,19,16.5,21.4,8.8,,227,12.7,32,1014.9,
2024-07-24,17,12.5,20,0,,307,14,30.2,1019.2,
2024-07-25,16.7,9.4,22.6,0.3,,174,12.3,34.2,1014.5,
2024-07-26,19.1,16.8,23.2,4.3,,228,13.5,35.3,1009.3,
2024-07-27,18.4,10.8,24.3,1.2,,109,7.5,28.1,1013.7,
2024-07-28,18,13.3,22.2,0.6,,321,13.5,36.7,1022.6,
2024-07-29,17.8,9.1,24.9,0,,151,6,22.3,1024.5,
2024-07-30,20.6,12.3,28,0,,49,10.6,33.1,1017.8,
2024-07-31,19.7,12.5,25.6,0,,12,12.3,34.2,1016.1,
2024-08-01,17.1,11.7,22.4,0,,42,14.9,36,1013.8,
2024-08-02,19.1,14,24.2,0,,34,9.3,26.6,1012.5,
2024-08-03,19.5,14.2,25.1,0,,191,11.5,26.6,1010.5,
2024-08-04,18.5,14.4,20.5,0,,284,16.4,34.6,1012.6,
2024-08-05,19.5,14.6,24.4,0,,178,9.3,23.8,1014.3,
2024-08-06,21.4,14.3,28.1,0,,159,7.1,25.9,1011,
2024-08-07,19.6,13.7,22.6,9,,270,10.7,28.1,1010.5,
2024-08-08,18.7,12.8,24.3,0,,220,12.5,26.3,1014.4,
2024-08-09,19.5,14.7,24.2,2.5,,225,23.6,51.8,1011.9,
2024-08-10,19.1,14.2,24.4,0,,228,17.1,44.3,1017.8,
2024-08-11,19.2,13.6,24.8,0,,264,11.3,31.7,1021.4,
2024-08-12,20.8,12.8,28.8,0,,96,14.5,37.4,1015.1,
2024-08-13,25.5,18.9,34.2,0,,138,15.8,53.6,1008.9,
2024-08-14,21.6,17.4,27.2,6.8,,330,7.5,40.3,1010.8,
2024-08-15,21.4,17.9,25.7,0,,227,13.7,40.3,1014.4,
2024-08-16,19.5,16.5,22.1,1.4,,248,15,31,1013.4,
2024-08-17,17.9,13.7,22.6,0,,6,7.1,23,1013.2,
2024-08-18,17.7,13.3,22.3,0,,10,8.7,36,1011.9,
2024-08-19,17.4,11.2,22.6,0,,209,9.3,25.9,1017,
2024-08-20,19,13.7,25,8.1,,191,17.9,40,1011.1,
2024-08-21,16.2,12.7,18.9,5.5,,241,21.9,45.7,1012.5,
2024-08-22,17.3,12.7,22.7,0,,200,23.3,48.2,1009.6,
2024-08-23,19.2,13.6,23,0.5,,216,25.2,63,1004.8,
2024-08-24,18.9,13.2,28,10.6,,178,18.6,79.6,1006.2,
2024-08-25,16.5,13.9,19.4,0,,226,20.9,42.8,1015.2,
2024-08-26,16.3,12.1,20.9,0,,198,17.3,40.7,1020.4,
2024-08-27,18.1,11.9,24.2,,,160,11.3,,,
2024-08-28,21.1,11.5,28.5,,,107,10.8,,,
2024-08-29,21.2,15.8,28,,,226,13.7,,,
2024-08-30,17.3,13.5,22.3,,,327,10.8,,,
2024-08-31,16.1,10.1,21.8,,,54,17.7,,,
2024-09-01,19.5,13.6,26.3,,,81,20.9,,,
2024-09-02,21.3,15.4,28,,,117,14.7,,,
2024-09-03,21.3,17.4,26.7,,,196,9.3,,,
2024-09-04,18.8,17,21.4,,,322,8.7,,,
2024-09-05,22.3,16.7,28.4,0,,41,19.5,40.7,1013.3,
2024-09-06,21.9,18,26.7,0,,78,21.8,41.4,1012.6,
2024-09-07,20.7,16,25.6,0,,117,9,21.2,1012.2,
2024-09-08,20.1,15.4,25,0,,191,12.3,31.7,1007.7,
2024-09-09,17.2,12.6,22.3,0,,254,12.8,36.4,1003.6,
2024-09-10,14.3,11.4,17.4,4.6,,220,24.9,51.5,1005.8,
2024-09-11,11.2,8,14.5,7,,237,19.2,54.7,1002.6,
2024-09-12,9.9,5.5,15.1,0,,231,12.2,26.3,1010.8,
2024-09-13,11.8,7.2,16,1.8,,330,14.4,37.4,1022.1,
2024-09-14,12.3,7.8,17.2,0,,298,10.8,28.8,1029.1,
2024-09-15,13.2,7,19.8,0,,229,9.2,23.4,1026.4,
2024-09-16,15.3,9.5,20.1,0,,304,13.2,39.6,1024.9,
2024-09-17,16.7,14.7,20.2,0,,22,19.4,36.4,1029.6,
2024-09-18,16,12,21.9,0,,50,15.5,31.3,1030,
2024-09-19,15.7,11.7,20.6,0,,61,15.3,30.2,1027.4,
2024-09-20,17.8,14.1,23.1,0,,77,20.1,40,1024.7,
2024-09-21,16.2,10.7,23.4,0,,89,13.4,28.4,1021.7,
2024-09-22,16.6,9.1,24.8,0,,101,6,18.7,1016,
2024-09-23,15.6,9.7,21.9,0,,154,9.8,25.9,1008.2,
2024-09-24,14.9,10.5,19.4,0.2,,197,17.1,36.7,1002.4,
2024-09-25,13.6,11.6,15.9,2.3,,198,14.7,29.5,1001.6,
2024-09-26,15.4,13.1,18.4,15.9,,180,21.8,57.2,989.9,
2024-09-27,13.3,11.8,14.1,8.6,,221,39.9,80.6,991.8,
2024-09-28,10.3,8.2,13.2,2.4,,280,20.3,73.4,1014.9,
2024-09-29,10.3,5.3,15.2,0,,188,12.3,25.2,1026,
2024-09-30,10.9,7.9,14.7,6.6,,116,26,50.8,1014.3,
2024-10-01,13.1,11.2,15.2,0.9,,131,13.4,45.7,1006.1,
2024-10-02,10.9,7.1,14.1,0,,49,22.2,43.9,1012.6,
2024-10-03,9.3,4.9,14.9,0,,23,16.1,37.1,1020.2,
2024-10-04,8.6,2.1,15.5,0,,25,6.3,22,1022.2,
2024-10-05,8.3,1.8,15.6,0,,94,7.1,23.8,1020.3,
2024-10-06,10.2,5.7,15.8,0,,122,17.6,39.2,1010.5,
2024-10-07,13.5,9.1,18.4,0.4,,171,16.8,45,1001.7,
2024-10-08,15.2,11.9,18.1,0.2,,168,17,35.3,998.5,
2024-10-09,14.2,12.1,16.8,1.1,,164,16.4,38.5,991.4,
2024-10-10,11.8,8.1,13.7,1.7,,306,20.9,60.1,993.9,
2024-10-11,8.4,5.3,12.8,0,,235,14.4,37.1,1013.6,
2024-10-12,7.8,3.1,12.1,0,,160,15.5,33.8,1012.2,
2024-10-13,9.7,7.3,12.9,5.9,,254,27.2,56.5,1008.9,
2024-10-14,8.3,4.7,12.7,0,,233,8.6,21.6,1018.6,
2024-10-15,7,0.5,13,0,,113,13.8,37.4,1022.2,
2024-10-16,11.4,7.5,16.1,0,,118,24.5,47.5,1014.6,
2024-10-17,14.6,11.3,18.8,0,,159,14.9,33.8,1011.2,
2024-10-18,15.7,11.9,21.2,0,,97,8.7,20.2,1014.3,
2024-10-19,13.8,12.4,15.2,12,,205,8.9,29.5,1014,
2024-10-20,14,11.4,16.4,0,,178,22.5,49,1016.9,
2024-10-21,14.3,12.2,16.4,0,,211,19.4,42.8,1020.2,
2024-10-22,11.6,8.5,15,8.1,,236,16.2,38.5,1025.8,
2024-10-23,9.9,6.3,11.8,0,,193,11.3,22.3,1033.7,
2024-10-24,10.4,6.5,14.7,0,,122,12,25.9,1027.5,
2024-10-25,12.3,8.6,16.2,1,,145,10.8,27.4,1018.6,
2024-10-26,12,7,18.3,0,,119,7.9,20.5,1017.9,
2024-10-27,12.7,9.5,15.4,0.8,,237,12,32,1019.1,
2024-10-28,11.3,8.3,13.2,4.6,,207,19.8,37.4,1021.6,
2024-10-29,13.6,12.6,14.9,0,,221,14.6,29.9,1022.9,
2024-10-30,12.8,11.6,14.3,0,,285,10.1,20.2,1027.5,
2024-10-31,12.4,11.7,13.7,0,,225,15.8,29.9,1026.7,
2024-11-01,12.4,11.6,13.7,0,,246,17,33.8,1022.8,
2024-11-02,9.3,2.9,11.9,0,,47,9.2,29.5,1031.7,
2024-11-03,4.8,0,10.8,0,,76,3.3,12.6,1031.7,
2024-11-04,8.2,4.8,10.7,0,,136,9,22.7,1030,
2024-11-05,6.8,5.9,8,0,,118,11.9,21.6,1025.4,
2024-11-06,5.1,3.9,6.1,0,,112,6.5,16.6,1030.5,
2024-11-07,4.9,3.8,5.9,0,,105,11,24.5,1034.7,
2024-11-08,4.4,3.5,5.6,0,,108,18.2,32,1030.8,
2024-11-09,6.1,5.3,6.8,0,,112,12.2,23,1026.5,
2024-11-10,7.5,6,9.2,0,,178,11,21.6,1027.1,
2024-11-11,9.3,8.4,11.1,7.7,,281,23.6,52.9,1025.9,
2024-11-12,7.7,5.2,9.7,0,,36,12.6,40,1033.4,
2024-11-13,8.7,5.2,11.6,0,,285,12,22,1031.1,
2024-11-14,10.1,9.3,11,0,,305,15.2,31,1026.4,
2024-11-15,9.2,8.6,10,0,,245,13.8,27.4,1025.5,
2024-11-16,8.2,7.9,8.6,1.8,,213,21.2,46.1,1015.4,
2024-11-17,6.2,4.2,8,7.3,,253,23.3,64.1,1006.9,
2024-11-18,4.1,2.3,6.2,2.6,,244,16.6,61.2,1006.6,
2024-11-19,2.2,0.9,3.4,6.3,,344,10.4,43.2,995.3,
2024-11-20,1.3,0.2,3.2,2.8,,248,15.9,58.7,996,
2024-11-21,1.1,0.1,2.3,11.2,,254,20.3,51.1,995.1,
2024-11-22,0.7,-2.2,3.4,2.4,,237,21,67.3,997.3,
2024-11-23,2.1,-1.4,4.4,9,,192,25.4,62.3,1011.5,
2024-11-24,11.9,5.5,15.2,0.5,,195,37.5,56.5,1003.4,
2024-11-25,12.5,8.3,15.2,0.7,,204,28.7,57.2,1002.1,
2024-11-26,6.6,3.5,8.7,4.7,,217,19.8,35.3,1013.9,
2024-11-27,5.8,2.6,11,14.8,,173,24.9,78.5,1011.1,
2024-11-28,6.2,3.5,8.3,1.9,,315,24.5,103.7,1020.1,
2024-11-29,3.8,0.9,7.3,0,,181,9.3,24.1,1032,
2024-11-30,2,-0.7,4.7,0,,172,13.6,29.5,1027.9,
2024-12-01,3.6,1.3,5.8,0,,179,15.3,34.6,1020.2,
2024-12-02,8.4,5.9,10.7,1.4,,202,20.1,37.8,1010.9,
2024-12-03,6,2.5,7.4,2.2,,277,17.8,43.6,1015.2,
2024-12-04,2.9,0.4,6.6,0,,247,10.7,19.1,1023.5,
2024-12-05,4.2,0.9,6.4,6.7,,173,26.1,54.7,1013.8,
2024-12-06,8.1,6.9,8.9,8.9,,271,30.5,77.4,1001,
2024-12-07,6.9,5,8.7,2.1,,154,23.4,48.6,997.1,
2024-12-08,5.5,3.4,7.2,0,,56,20.9,46.8,1010.6,
2024-12-09,5.6,4.7,6.2,,,37,32.1,,,
2024-12-10,4.7,4.4,5,,,50,22.1,,,
2024-12-11,3.4,2.7,4.3,,,104,11.4,,,
2024-12-12,4.2,3.3,4.9,,,31,10.5,,,
2024-12-13,2.2,0.5,3.5,,,143,14,,,
2024-12-14,2.7,0.2,5.3,2.2,,231,19.7,37.1,1017.3,
2024-12-15,6.8,3.1,10.7,0.8,,239,26,54,1020.8,
2024-12-16,10.1,8.7,11,0,,251,33,55.4,1024.8,
2024-12-17,8.1,6.8,9.3,0,,224,23,48.2,1024.6,
2024-12-18,9.3,6.7,12.5,0,,209,31.8,67.7,1009.1,
2024-12-19,8.4,5.1,11.9,17.2,,258,31.5,59.8,997.3,
2024-12-20,5.1,3.5,6.6,0.2,,245,23.3,51.1,1013.2,
2024-12-21,7.5,5.2,9.3,2,,221,28.7,59.4,1007,
2024-12-22,4.9,2.1,8.7,0.6,,245,24.8,60.8,995.2,
2024-12-23,5.2,2.9,7.7,2.1,,297,26.3,70.6,1009.4,
2024-12-24,4.2,1.1,5.8,1.4,,214,17.3,33.1,1023.9,
2024-12-25,7.8,5.9,9.1,0,,209,14.7,26.6,1032.3,
2024-12-26,7.2,5.5,8.4,0,,196,9.5,14.4,1036.6,
2024-12-27,3,1.5,5.3,0,,162,7.1,13,1034.6,
2024-12-28,-0.4,-1.2,1,0,,203,9.6,20.2,1030.1,
2024-12-29,2.9,-0.3,6.1,0,,211,19.4,36.4,1026.8,
2024-12-30,7,6.2,7.7,0,,228,29.9,56.2,1024.7,
2024-12-31,5.1,2.8,7.7,0,,211,31.7,59.4,1020.8,
